AnimalID,Sex,Encounter,All,Social_cluster,D12t_A,D12t_B,EV1t_A,EV1t_B,EV94t_A,EV94t_B,KWM12at_A,KWM12at_B,KWM2at_A,KWM2at_B,KWM2B_A,KWM2B_B,PcraEv14t_A,PcraEv14t_B,PcraSW19t_A,PcraSW19t_B,SL1026t_A,SL1026t_B,SL125t_A,SL125t_B,Ttr11_A,Ttr11_B,Ttr34_A,Ttr34_B,Ttr48_A,Ttr48_B,Ttr58_A,Ttr58_B,TtrRC11_A,TtrRC11_B,TV5t_A,TV5t_B
18945,F,39,All,1,188,190,148,150,260,260,182,184,,,,,136,146,116,132,158,162,207,225,198,198,,,140,142,176,184,156,156,214,214
18946,M,39,All,1,188,188,150,160,260,280,174,184,146,148,181,181,134,134,120,134,158,188,221,223,198,208,179,179,140,146,176,176,168,170,208,210
23316,M,41,All,1,190,192,142,146,260,284,180,184,144,148,181,181,134,146,116,120,158,160,225,225,198,218,177,181,138,138,176,184,156,170,208,208
23317,M,41,All,1,188,188,146,146,260,282,182,184,148,150,181,181,134,136,,,158,190,219,225,200,206,177,183,136,148,176,184,160,170,208,208
23318,F,41,All,1,186,192,146,148,260,284,174,182,144,146,181,181,134,146,130,134,148,162,223,223,208,210,179,181,138,140,176,184,156,156,208,210
23319,M,41,All,1,192,192,146,150,260,282,174,182,146,146,181,181,134,134,120,120,148,178,215,225,198,198,177,177,142,146,176,178,158,160,210,218
23320,F,41,All,1,192,194,146,160,280,284,174,192,146,146,181,181,134,136,134,134,144,160,213,223,198,198,177,179,140,140,176,186,156,160,210,214
23321,F,41,All,1,192,192,142,142,260,260,174,180,146,148,173,181,134,136,120,136,158,158,225,225,198,200,177,181,138,144,176,184,156,160,206,208
41286,M,21,All,1,188,192,150,150,260,282,,,146,148,181,181,134,148,116,120,,,219,225,208,218,177,181,138,138,178,178,156,168,,
71016,M,26,All,1,188,188,142,148,260,284,180,182,148,148,181,181,134,134,116,116,144,148,221,221,208,214,177,179,136,136,184,184,156,170,208,210
71017,F,26,All,1,188,192,142,148,280,284,180,182,148,148,181,181,134,148,116,130,148,158,221,223,208,218,179,181,136,140,176,184,156,160,208,210
75660,M,27,All,1,188,192,146,152,270,282,186,186,150,162,177,181,146,148,120,136,148,158,207,219,212,218,177,181,138,150,176,176,156,158,,
75661,M,27,All,1,188,192,142,150,260,260,180,182,146,160,173,181,134,146,132,132,158,162,207,207,198,214,177,177,136,144,176,178,156,170,208,214
75662,F,27,All,1,188,190,142,150,282,284,180,184,146,146,173,181,146,148,120,130,148,158,,,200,212,179,181,140,140,176,184,160,168,208,218
75663,M,27,All,1,192,192,146,150,282,284,174,184,144,146,181,181,146,146,128,136,162,162,219,221,210,218,181,181,132,134,176,184,156,160,208,214
75665,F,27,All,1,192,192,142,148,260,282,174,174,148,152,181,181,134,146,120,130,158,158,223,225,198,200,179,179,140,148,176,176,156,160,206,208
75666,F,27,All,1,192,194,148,150,260,280,182,192,146,146,173,181,134,146,130,130,148,158,207,223,208,210,179,179,140,142,176,176,156,160,210,214
75676,F,28,All,1,188,192,142,152,260,284,174,176,148,150,181,181,134,146,116,116,162,190,223,225,198,212,175,181,136,150,184,184,156,170,206,212
75677,F,28,All,1,188,194,148,148,260,260,182,182,146,148,173,181,134,146,130,130,158,162,207,207,198,208,179,179,140,142,176,178,156,170,208,214
75678,F,28,All,1,188,190,146,148,260,284,176,180,146,148,181,187,134,134,116,130,158,158,223,225,198,206,175,177,136,142,176,184,160,170,208,212
75679,F,28,All,1,182,188,146,152,270,284,176,184,146,150,181,181,134,146,116,130,158,190,213,223,198,206,175,181,136,150,176,184,156,160,208,212
91285,M,29,All,1,188,190,142,142,260,282,,,146,150,181,181,134,134,130,134,158,158,,,198,200,177,177,140,142,176,176,156,160,210,214
92254,F,48,All,1,188,192,142,142,278,282,182,186,144,150,177,181,134,148,130,136,144,148,223,225,198,208,181,181,138,140,176,186,156,170,208,218
92256,M,49,All,1,188,188,146,146,270,282,176,182,146,148,181,181,136,146,130,144,158,190,219,223,198,206,175,177,136,136,176,176,160,160,208,212
98732,F,31,All,1,188,190,148,152,270,282,180,182,150,160,181,181,134,146,120,134,148,178,219,225,198,218,179,181,136,140,176,178,170,170,208,214
98734,M,32,All,1,188,192,150,152,270,278,178,182,148,150,177,181,134,146,116,116,144,162,221,225,204,210,179,181,138,142,176,186,156,158,208,210
98735,M,32,All,1,188,192,148,150,282,284,174,184,146,150,181,181,134,134,,,158,178,221,225,210,212,177,181,138,138,176,184,156,170,206,206
98736,F,32,All,1,188,188,148,152,270,280,180,182,146,150,181,181,146,146,130,134,158,190,213,221,198,198,179,179,138,140,176,184,156,170,208,208
98737,F,32,All,1,188,194,146,148,270,282,180,186,146,160,181,181,134,146,120,124,144,148,215,225,214,218,177,181,140,142,176,178,170,170,208,208
98738,M,32,All,1,194,194,146,150,260,284,182,192,146,148,181,181,136,148,116,134,158,160,223,225,198,210,177,179,140,142,176,186,160,170,210,210
98740,F,32,All,1,186,188,150,150,282,284,174,184,144,146,181,181,134,134,116,128,162,178,223,225,208,208,179,179,134,142,176,184,156,156,210,212
102500,M,51,All,1,186,188,146,148,260,284,174,182,144,150,181,181,134,146,128,134,162,162,219,225,200,208,177,179,138,148,176,184,156,160,206,208
132660,M,35,All,1,,,148,150,,,174,182,144,160,181,181,134,146,134,134,144,144,213,219,198,208,177,181,144,148,176,178,168,170,208,218
132661,F,35,All,1,,,150,150,,,182,182,146,148,181,181,134,134,120,120,144,144,219,221,198,208,177,177,136,148,176,178,156,168,208,210
30072,F,20,All,2,188,192,148,148,260,270,174,180,150,150,173,181,146,146,132,136,158,182,223,225,212,212,177,179,142,148,176,176,162,168,210,210
30073,M,20,All,2,188,192,142,152,260,260,180,186,148,150,181,181,146,148,120,130,158,190,207,225,200,208,177,181,138,138,176,184,156,168,206,208
30081,F,20,All,2,188,188,142,146,278,284,174,184,148,168,181,181,136,146,116,130,158,188,221,223,198,200,181,181,138,140,184,186,160,170,208,208
45925,M,23,All,2,192,192,146,150,260,284,182,184,144,146,173,181,,,130,130,158,160,207,225,200,208,177,179,,,176,184,160,168,194,214
49043,F,24,All,2,190,192,142,150,260,282,184,186,144,146,181,181,134,146,116,134,144,156,219,223,198,212,179,181,,,176,176,160,174,208,210
49046,F,24,All,2,192,192,148,150,260,270,184,192,148,160,181,181,134,134,120,130,144,160,213,221,198,218,175,177,138,146,176,178,156,160,208,208
49048,M,24,All,2,188,192,148,150,260,270,174,182,146,150,181,181,146,146,132,136,148,162,225,225,208,212,179,179,142,142,178,178,160,160,210,218
49051,F,24,All,2,190,190,146,148,260,280,184,192,144,160,181,181,134,146,116,120,144,160,221,225,,,177,181,138,138,178,178,156,160,208,210
49052,M,24,All,2,,,,,,,180,184,146,162,181,181,134,134,116,136,148,148,211,215,208,208,177,181,134,138,178,178,156,156,210,214
49054,F,24,All,2,188,188,142,150,282,284,174,186,150,168,181,181,134,146,130,130,144,162,219,221,200,206,177,177,134,138,176,184,160,168,206,210
98743,F,33,All,2,188,192,142,148,260,282,174,186,146,150,181,181,132,146,134,136,162,182,225,225,212,212,179,179,138,148,176,176,168,170,208,210
98744,M,33,All,2,186,188,146,146,278,284,174,184,144,148,181,181,134,136,130,134,162,190,213,223,198,218,179,181,134,150,184,186,156,160,208,208
98745,M,33,All,2,188,190,142,148,260,284,184,184,150,162,177,181,134,136,116,144,148,184,215,221,208,218,177,179,138,140,178,184,156,170,206,210
98746,M,33,All,2,190,194,146,148,260,284,184,186,144,160,181,181,134,146,116,120,144,160,221,225,200,218,181,181,136,138,176,178,160,170,208,214
132631,F,34,All,2,,,142,150,,,180,186,148,168,181,181,136,146,130,132,144,158,221,225,198,200,175,179,138,140,176,178,156,170,218,218
132632,F,34,All,2,,,142,142,,,180,182,146,168,173,181,134,146,132,134,144,158,225,225,200,218,179,181,140,140,178,184,156,168,194,218
132633,F,34,All,2,,,146,146,,,174,184,144,144,181,181,134,146,116,128,144,160,221,223,208,214,181,181,134,148,178,184,156,160,208,210
132634,F,34,All,2,,,142,150,,,184,184,146,162,181,181,134,134,130,136,144,148,215,221,198,208,177,177,136,138,176,178,156,170,210,210
132635,F,34,All,2,,,146,150,,,174,178,144,146,181,181,146,148,132,132,144,156,215,221,198,208,177,179,140,140,176,184,170,170,204,218
132636,M,34,All,2,,,146,150,,,186,186,144,148,181,181,136,148,130,130,186,190,221,221,198,212,177,181,138,140,176,178,160,170,210,218
132638,F,34,All,2,,,142,148,,,182,184,150,168,173,181,132,136,116,144,148,184,223,223,198,218,177,181,140,140,184,188,156,168,206,210
132640,F,34,All,2,,,146,146,,,174,176,146,148,181,181,134,146,116,130,148,190,215,221,198,198,181,183,142,150,176,184,156,158,206,208
132641,M,34,All,2,,,148,150,,,182,184,144,146,181,181,134,134,120,120,144,190,219,219,218,218,177,177,140,148,178,184,160,170,206,208
132642,F,34,All,2,,,142,146,,,184,186,144,146,181,181,146,146,130,134,156,162,219,223,198,214,177,181,140,142,176,184,156,174,210,210
27453,F,44,All,3,188,192,150,150,284,284,184,184,144,148,177,181,134,146,116,128,144,160,213,223,198,212,179,183,142,146,184,184,156,160,214,218
33885,F,45,All,3,188,188,146,150,270,284,180,182,148,150,181,181,146,146,116,136,144,158,225,227,198,198,179,179,132,140,176,186,156,168,206,214
33886,M,45,All,3,192,192,142,150,260,282,182,184,146,146,173,181,136,146,130,132,148,158,207,213,198,198,177,179,140,140,176,188,160,170,206,214
33887,F,45,All,3,188,188,,,,,176,176,146,148,181,181,132,148,130,132,,,221,223,198,198,177,179,140,146,176,176,158,168,210,210
33888,F,45,All,3,,,150,160,270,284,174,176,144,146,181,181,134,146,116,134,162,188,219,225,198,218,179,181,138,140,176,184,158,160,208,210
33890,F,45,All,3,186,186,142,150,282,284,174,184,144,146,181,181,132,134,128,132,144,148,219,225,198,208,179,179,138,146,176,184,156,156,208,214
33892,F,45,All,3,,,142,146,280,284,176,182,148,168,,,136,148,132,134,148,160,219,223,198,198,179,179,136,142,176,184,156,170,206,208
33895,F,45,All,3,188,192,146,160,260,260,182,184,146,150,181,181,134,136,130,130,144,148,213,219,198,212,177,179,138,142,176,178,158,168,210,210
33898,M,45,All,3,184,190,146,148,260,260,184,186,148,160,181,181,132,148,120,132,148,178,221,225,208,218,179,181,136,136,178,188,156,168,208,208
33899,F,45,All,3,,,146,160,282,284,180,182,146,150,181,181,136,136,116,116,158,160,221,223,198,200,179,183,136,140,178,184,156,160,214,214
33902,F,45,All,3,188,188,142,146,260,270,186,186,144,146,177,177,146,146,120,130,148,162,213,225,200,204,179,179,142,144,176,178,158,160,206,208
33903,F,45,All,3,,,142,148,280,284,174,192,146,168,181,181,134,146,132,134,160,186,221,223,198,198,,,140,140,176,176,158,170,208,208
33904,M,45,All,3,188,188,134,142,270,284,174,182,146,150,181,181,134,148,130,132,156,160,221,221,198,198,177,179,136,140,176,176,156,158,208,208
33905,M,45,All,3,194,194,148,148,260,260,174,184,150,168,181,181,134,136,116,134,158,160,223,225,200,214,179,181,138,140,176,184,160,168,194,210
33906,M,45,All,3,188,188,,,260,270,176,176,148,150,,,136,148,,,144,144,221,225,198,200,175,179,132,138,176,176,156,156,202,206
33907,M,45,All,3,188,188,152,160,270,280,176,182,146,150,181,181,146,146,130,132,158,190,213,223,198,198,177,179,138,140,176,176,156,156,208,210
33908,M,45,All,3,188,188,146,146,260,270,186,186,144,150,181,181,134,146,116,130,158,162,213,213,204,212,179,181,142,144,176,178,158,170,210,218
33909,M,45,All,3,192,194,142,146,284,284,174,176,148,148,181,181,134,136,116,132,158,160,223,225,198,200,177,179,136,142,176,184,156,160,194,208
45928,F,22,All,3,,,146,148,260,282,182,186,144,150,177,181,146,148,130,130,162,190,215,225,198,204,177,179,138,142,178,178,156,160,206,208
45932,M,22,All,3,192,192,142,160,260,282,182,184,146,146,173,181,134,136,130,132,148,158,213,219,198,212,179,179,140,142,176,188,160,168,210,214
91274,F,52,All,3,192,192,146,150,260,260,174,184,144,144,173,181,134,136,124,126,144,148,223,227,212,214,177,179,132,138,176,184,156,168,210,214
102483,M,50,All,3,,,142,146,282,284,176,186,144,146,173,181,132,146,116,132,158,162,219,225,198,200,177,179,140,140,176,184,158,168,194,208
102485,M,50,All,3,192,192,142,146,278,282,184,186,146,148,181,181,132,136,132,134,162,162,225,225,208,212,179,181,138,146,176,176,162,170,208,218
123188,F,42,All,3,,,142,150,270,282,176,184,146,148,181,181,132,146,130,132,148,190,213,225,198,198,177,179,138,146,176,176,156,158,208,214
91276,F,52,All,Unknown,192,192,148,152,260,284,174,182,150,168,177,181,134,146,116,128,160,190,215,219,208,218,179,179,136,138,176,184,156,168,208,210
91277,F,52,All,Unknown,188,192,146,152,260,282,174,182,148,150,181,181,136,146,116,116,158,190,,,200,218,179,183,138,148,176,176,156,170,,
18954,M,40,All,Unknown,188,190,152,160,260,280,180,182,146,150,177,181,134,146,130,132,158,162,207,223,198,212,177,179,140,142,176,176,156,160,208,210
18955,F,40,All,Unknown,184,192,150,160,280,282,180,192,146,146,177,181,146,146,116,130,144,158,223,223,198,198,181,183,140,142,176,176,160,160,206,210
91083,M,30,All,Unknown,184,184,146,150,282,282,182,192,146,146,181,181,134,146,116,132,158,158,221,223,198,198,179,181,140,148,176,178,160,160,206,206
91084,M,30,All,Unknown,184,194,146,152,260,282,182,184,146,150,181,181,134,146,116,130,148,160,215,223,208,212,183,183,142,146,176,176,160,170,206,210
91085,F,30,All,Unknown,186,188,142,152,260,282,180,182,150,150,181,181,134,148,116,128,144,160,219,221,198,208,179,181,138,142,178,184,156,160,208,210
91086,F,30,All,Unknown,182,190,142,152,260,276,182,186,146,146,181,181,136,146,132,132,144,158,221,223,210,212,177,181,136,136,186,188,160,160,200,208
91284,M,29,All,Unknown,188,192,146,150,260,284,174,182,,,181,181,134,136,116,132,156,158,219,227,200,208,179,183,136,142,184,184,160,168,208,210
91081,F,30,All,Unknown,188,188,142,148,270,284,174,180,148,150,181,181,134,146,130,136,144,144,213,225,212,214,175,177,142,144,176,184,156,170,208,210
18938,F,38,All,Unknown,188,188,146,150,260,284,174,182,150,160,181,181,134,134,132,134,,,207,223,198,208,179,179,136,140,184,184,160,170,210,210
27454,F,44,All,Unknown,188,192,146,150,282,284,174,184,144,144,177,181,146,146,116,128,158,160,219,223,212,218,179,179,138,142,176,184,160,160,210,218
30077,M,20,All,Unknown,192,192,142,146,260,282,174,186,144,168,181,181,146,146,116,130,144,162,213,219,200,214,177,181,,,176,184,156,168,194,210
30078,M,20,All,Unknown,186,186,146,150,,,174,174,144,144,181,181,134,146,128,134,144,162,219,223,208,218,179,181,134,138,176,184,156,160,208,210
30079,F,20,All,Unknown,192,192,146,152,260,260,184,186,148,150,173,181,134,146,130,134,148,160,207,225,208,212,177,179,138,140,176,176,156,170,208,210
30080,F,20,All,Unknown,188,188,146,150,282,284,182,184,148,168,181,181,136,146,130,130,144,158,221,221,198,198,175,177,138,140,178,186,156,156,208,208
33891,M,45,All,Unknown,184,192,,,,,182,186,148,148,181,181,132,146,124,132,144,144,225,225,208,214,179,179,138,144,176,184,158,168,208,208
49044,F,24,All,Unknown,188,192,148,150,,,,,150,150,,,146,146,132,134,144,144,223,223,208,212,177,181,142,142,176,186,160,162,208,210
49049,M,24,All,Unknown,,,146,152,,,174,184,150,168,181,181,136,146,116,128,,,221,223,200,208,179,181,140,148,178,186,160,162,208,210
49053,F,24,All,Unknown,190,190,146,150,282,284,184,192,144,146,181,181,146,148,116,116,,,219,225,198,200,177,181,136,138,178,184,156,168,194,214